{
  "geometry.creeper": {
    "texturewidth": 128,
    "textureheight": 128,

    "bones": [
      {
        "name": "body",
        "cubes": [
          {
            "origin": [ -8.0, 7.0, -8.0 ],
            "size": [ 0, 0, 0 ],
            "uv": [ 0, 0 ]
          }
        ]
      },

      {
        "name": "head",
        "pivot": [ 0.0, 6.0, 0.0 ],
        "cubes": [
          {
            "origin": [ -3.0, 12.0, -3.0 ],
            "size": [ 6, 3, 6 ],
            "uv": [ 28, 0 ]
          },
          {
            "origin": [ -2.0, 15.0, -2.0 ],
            "size": [ 4, 1, 4 ],
            "uv": [ 18, 18 ]
          },
		  {
            "origin": [ -1.0, 12.5, 1.0 ],
            "size": [ 1, 6, 1 ],
            "uv": [ 0, 34 ],
            "inflate":-0.3
          },
		  {
            "origin": [ -0.5, 12.8, 2.0 ],
            "size": [ 1, 7, 1 ],
            "uv": [ 4, 34 ],
            "inflate":-0.4
          },
          {
            "origin": [ -1.0, 13.5, -3.2 ],
            "size": [ 2, 2, 2 ],
            "uv": [ 28, 9 ]
          }
        ]
      },

      {
        "name": "leg0",
        "pivot": [ 0.0, 6.0, 0.0 ],
        "cubes": [
          {
            "origin": [ -4.0, 1.0, -4.0 ],
            "size": [ 8, 1, 8 ],
            "uv": [ 0, 25 ]
          },
          {
            "origin": [ -4.0, 2.0, -5.0 ],
            "size": [ 8, 8, 1 ],
            "uv": [ 0, 16 ]
          },
          {
            "origin": [ -5.0, 2.0, -4.0 ],
            "size": [ 1, 8, 8 ],
            "uv": [ 0, 0 ]
          },
          {
            "origin": [ -4.0, 10.0, -4.0 ],
            "size": [ 8, 1, 8 ],
            "uv": [ 0, 25 ]
          },
          {
            "origin": [ -4.0, 2.0, 4.0 ],
            "size": [ 8, 8, 1 ],
            "uv": [ 0, 16 ]
          },
          {
            "origin": [ 4.0, 2.0, -4.0 ],
            "size": [ 1, 8, 8 ],
            "uv": [ 0, 0 ]
          },
          
          {
            "origin": [ -2.0, 0.0, -2.0 ],
            "size": [ 4, 1, 4 ],
            "uv": [ 18, 13 ]
          },
          {
            "origin": [ -2.0, 11.0, -2.0 ],
            "size": [ 4, 1, 4 ],
            "uv": [ 18, 13 ]
          },
          {
            "origin": [ -2.0, 4.0, -6.0 ],
            "size": [ 4, 4, 1 ],
            "uv": [ 18, 0 ]
          },
          {
            "origin": [ -2.0, 4.0, 5.0 ],
            "size": [ 4, 4, 1 ],
            "uv": [ 18, 0 ]
          },
          {
            "origin": [ -6.0, 4.0, -2.0 ],
            "size": [ 1, 4, 4 ],
            "uv": [ 18, 5 ]
          },
          {
            "origin": [ 5.0, 4.0, -2.0 ],
            "size": [ 1, 4, 4 ],
            "uv": [ 18, 5 ]
          }
        ],
        "rotation": [0.0, 0.0, 0.0]
      },

      {
        "name": "leg1",
        "pivot": [ 0.0, 20.0, 0.0 ],
        "cubes": [
          {
            "origin": [ 8.0, 8.0, -2.0 ],
            //"size": [ 0, 0, 0 ],
            "uv": [ 0, 32 ]
          }
        ],
       "rotation": [0.0, -10.0, -30.0]
      },

      {
        "name": "leg2",
        "pivot": [ 0.0, 7.0, 0.0 ],
        "cubes": [
          {
            "origin": [ -5.0, 0.0, -2.0 ],
            //"size": [ 0, 0, 0 ],
            "uv": [ 12, 32 ]
          }
        ]
      },

      {
        "name": "leg3",
        "pivot": [ 0.0, 7.0, 0.0 ],
        "cubes": [
          {
            "origin": [ 1.0, 0.0, -2.0 ],
            //"size": [ 0, 0, 0 ],
            "uv": [ 12, 32 ]
          }
        ]
      }
    ]
  }
}