{
  "minecraft:entity": {
    "version": 1,

    "components": {
      "minecraft:identifier": {
        "id": "minecraft:arrow.skeleton"
      },
      "minecraft:collision_box": {
        "width": 0.5,
        "height": 0.5
      },
      "minecraft:projectile": {
       "onHit": {
        "impact_damage": {
         "damage": 2,
         "knockback": true,
         "semirandomdiffdamage": true,
         "destroyonhit": true
        },
        "remove_on_hit": { },
        "arrow_effect": {
        }
       },
       "shootSound": "bow",
       "hitSound": "bow.hit",
       "power": 2.0,
       "causesFire": true,
       "gravity": 0.0,
       "uncertaintyBase": 16,
       "uncertaintyMultiplier": 4,
       "anchor": 1,
       "shouldbounce": true,
       "offset": [ 0, -0.1, 0 ],
       "reflectOnHurt": true,
       "catchFire": true
      }
    }
  }
}