{
  "minecraft:entity": {
    "format_version": 0.1,

    "component_groups": {
     
     "minecraft:rebel_angry": {
      "minecraft:angry": {
          "duration": 5,
          "broadcastAnger": true,
          "broadcastRange": 20,
          "calm_event": {
            "event": "minecraft:on_calm",
            "target": "self"
          }
        },
        "minecraft:on_target_acquired": {
        }
      },
      "minecraft:rebeln": {
        "minecraft:attack": {
          "damage": 4
        },
        "minecraft:behavior.beg": {
          "priority": 9,
          "look_distance": 8,
          "look_time": [ 2, 4 ],
          "items": [ "bow" ]
        },
        "minecraft:behavior.avoid_mob_type": {
          "priority": 3,
          "entity_types": [
            {
              "filters": { "other_with_families": "empire" },
              "max_dist": 24,
              "walk_speed_multiplier": 1.1,
              "sprint_speed_multiplier": 1.2
            }
          ]
        },
        "minecraft:on_target_acquired": {
          "event": "minecraft:become_angry",
          "target": "self"
        },
        "minecraft:tameable": {
        "probability": 1.0,
        "tameItems": "bow",
        "tame_event": {
          "event": "minecraft:on_tame",
          "target": "self"
        }
      }
    },
	  "minecraft:rebel": {
      "minecraft:shooter": {
        "type": "Arrow",
        "def": "minecraft:arrow.skeleton"
      },
      "minecraft:equipment": {
        "table": "loot_tables/entities/skeleton_gear.json"
      },
      "minecraft:is_tamed": {
      },
      "minecraft:attack": {
        "damage": 4
      },
      "minecraft:behavior.owner_hurt_by_target": {
        "priority": 1
      },
      "minecraft:behavior.owner_hurt_target": {
        "priority": 2
      },
      "minecraft:behavior.nearest_attackable_target": {
          "priority": 0,
          "entity_types": [
            {
              "filters": { "other_with_families": [ "monster", "empire" ] },
              "max_dist": 32
            }
          ],
          "must_see": true
      },
      "minecraft:sittable": {
      },
      "minecraft:loot": {
        "table": "loot_tables/entities/clone.json"
      },
      "minecraft:behavior.follow_owner": {
        "priority": 6,
        "speed_multiplier": 1.2,
        "start_distance": 10,
        "stop_distance": 2
      },
      "minecraft:behavior.ranged_attack": {
        "attack_interval_min": 0.3,
        "attack_interval_max": 1.5,
        "attack_radius": 31
      }
    },
	  "minecraft:lightning_immune": {
        "minecraft:damage_sensor": [
          {
            "on_damage": { "filters": { "other_with_families": "lightning" } },
            "deals_damage": false
          }
        ]
      }
    },

    "components": {
      "minecraft:identifier": {
        "id": "minecraft:skeleton.stray"
      },
      "minecraft:collision_box": {
        "width": 0.6,
        "height": 1.95
      },
      "minecraft:type_family": {
        "family": [ "resistance", "rebel" ]
      },
      "minecraft:breathable": {
        "totalSupply": 15,
        "suffocateTime": 0
      },
      "minecraft:health": {
        "value": 30,
        "max": 50
      },
      "minecraft:behavior.melee_attack": {
        "priority": 5,
        "target_dist": 1.2,
        "track_target": true,
        "reach_multiplier": 1.0
      },
	  "minecraft:behavior.break_door": {
        "priority": 1
      },
      "minecraft:healable": {
        "items": [
          "porkchop",
          "cooked_porkchop",
          "fish",
          "salmon",
          "clownfish",
          "pufferfish",
          "cooked_fish",
          "cooked_salmon",
          "beef",
          "cooked_beef",
          "chicken",
          "cooked_chicken",
          "muttonRaw",
          "muttonCooked",
          "rotten_flesh",
          "rabbit",
          "cooked_rabbit",
          "rabbit_stew"
        ]
      },
      "minecraft:behavior.stay_while_sitting": {
        "priority": 3
      },
      "minecraft:movement": {
        "value": 0.25,
        "max": 0.25
      },     
      "minecraft:nameable": {
      },
      "minecraft:behavior.float": {
        "priority": 0
      },
      "minecraft:behavior.hurt_by_target": {
        "priority": 2,
        "entity_types": {
          "filters": {
            "other_without_families": [
              "player",
              "resistance"
            ]
          }
        }
      },
      "minecraft:behavior.random_stroll": {
        "priority": 5,
        "speed_multiplier": 1
      },
      "minecraft:behavior.look_at_player": {
        "priority": 6,
        "look_distance": 8
      },
      "minecraft:behavior.random_look_around": {
        "priority": 6
      }
    },

    "events": {
      "minecraft:entity_spawned": {
        "randomize": [
          {
            "weight": 100,
            "remove": {
            },
            "add": {
              "component_groups": [
                "minecraft:rebeln"
              ]
            }
          }
        ]
      },
      "minecraft:become_angry": {
        "remove": {
          "component_groups": [
            "minecraft:rebeln"
          ]
        },
        "add": {
          "component_groups": [
            "minecraft:rebel_angry"
          ]
        }
      },
      "minecraft:on_calm": {
        "remove": {
          "component_groups": [
            "minecraft:rebel_angry"
          ]
        },
        "add": {
          "component_groups": [
            "minecraft:rebeln"
          ]
        }
      },
      "minecraft:on_tame": {
        "remove": {
          "component_groups": [
            "minecraft:rebeln"
          ]
        },
        "add": {
          "component_groups": [
            "minecraft:rebel"
          ]
        }
      },
      "minecraft:spring_trap": {
        "add": { "component_groups": [ "minecraft:lightning_immune" ] }
      }
    }
  }
}